{
	"title":"Typography",
	"originalSet":{
		"setName":"OpenSans",
		"fonts":[
			{
				"fontName":"OpenSans"
			}
		],
		"css":[

			]
	},
	"optionalSets":[
		{
			"setName":"Roboto",
			"fonts":[
				{ 
					"fontName":"Roboto"
				}
			],
			"css":[
					"http://fonts.googleapis.com/css?family=Roboto:300italic,400,300,700"
				]
		},
		{
			"setName":"Lato",
			"fonts":[
				{ 
					"fontName":"Lato"
				}
			],
			"css":[
					"http://fonts.googleapis.com/css?family=Lato:300,400,700,400italic"
				]
		},
		{
			"setName":"Titillium",
			"fonts":[
				{ 
					"fontName":"Titillium"
				}
			],
			"css":[
					"http://fonts.googleapis.com/css?family=Titillium+Web:300,300italic"
				]
		},
		{
			"setName":"Helvetica",
			"fonts":[
				{ 
					"fontName":"Helvetica"
				}
			],
			"css":[
					"http://fonts.googleapis.com/css?family=Arimo:400,700,400italic"
				]
		},
		{
			"setName":"Cardo",
			"fonts":[
				{ 						
					"fontName":"Cardo"
				}
			],
			"css":[
					"http://fonts.googleapis.com/css?family=Cardo:400,400italic"
				]
		},
		{
			"setName":"Libre",
			"fonts":[
				{ 
					"fontName":"Libre"
				}
			],
			"css":[
					"http://fonts.googleapis.com/css?family=Libre+Baskerville:400,700,400italic"
				]
		}
	]
}
